protocol_version,profile,condition,seed,schedule,training_transition_count,training_transition_retention,training_transition_lure_error,training_transition_recovery_latency,stage_identity_chain_score,final_identity_retention,final_identity_recovered,final_identity_recovery_latency,final_old_signature_clone_capture,final_self_role_accuracy,final_self_posterior,final_clone_self_posterior,final_self_posterior_margin,final_identity_fragmentation,whole_run_self_fragmentation,initial_identity_retained_at_end,self_role_accuracy_all_stages,identity_continuity_score
7.0-p1,ground_creature,progressive_persistent,253,0-1-2-3,3,1.0,0.0,0.0,1.0,1.0,1.0,0.0,0.0,1.0,0.99452872074095,0.04020224165852,0.95432647908243,1,1,1.0,1.0,1.0
7.0-p1,ground_creature,final_from_start,253,3-3-3-3,0,1.0,0.0,0.0,0.0,0.0,0.0,6.4,1.0,1.0,0.37581697256505,0.1798275827132,0.19598938985185,64,67,0.0,1.0,0.0
7.0-p1,ground_creature,reverse_curriculum,253,3-2-1-0,3,1.0,0.0,0.0,1.0,1.0,1.0,0.0,0.0,1.0,0.99475528058902,0.04009662938562,0.9546586512034,1,1,1.0,1.0,1.0
7.0-p1,ground_creature,random_curriculum,253,0-1-3-2,3,1.0,0.0,0.0,1.0,1.0,1.0,0.0,0.0,1.0,0.99461469402132,0.04013251867472,0.9544821753466,1,1,1.0,1.0,1.0
7.0-p1,ground_creature,progressive_history_reset,253,0-1-2-3,3,0.0,0.0,4.8,0.0,0.0,0.0,6.4,0.0,1.0,0.96202568318727,0.05528391814994,0.90674176503733,1,4,0.0,1.0,0.25
7.0-p1,ground_creature,progressive_no_persistent_self,253,0-1-2-3,3,0.0,1.0,4.8,0.0,0.0,0.0,6.4,1.0,0.984375,0.95900245659254,0.17975329479636,0.77924916179618,1,3,0.0,0.99479166666667,0.0
7.0-p1,wheeled_robot,progressive_persistent,253,0-1-2-3,3,1.0,0.0,0.0,1.0,1.0,1.0,0.0,0.0,1.0,0.99395300866245,0.0400305828062,0.95392242585625,1,1,1.0,1.0,1.0
7.0-p1,wheeled_robot,final_from_start,253,3-3-3-3,0,1.0,0.0,0.0,0.0,1.0,1.0,0.0,0.0,1.0,0.99394091147427,0.0555262103623,0.93841470111197,1,2,0.0,1.0,1.0
7.0-p1,wheeled_robot,reverse_curriculum,253,3-2-1-0,3,1.0,0.0,0.0,1.0,1.0,1.0,0.0,0.0,1.0,0.99420631142885,0.04022100474067,0.95398530668818,1,1,1.0,1.0,1.0
7.0-p1,wheeled_robot,random_curriculum,253,0-1-3-2,3,1.0,0.0,0.0,1.0,1.0,1.0,0.0,0.0,1.0,0.99402889374706,0.04017410136318,0.95385479238388,1,1,1.0,1.0,1.0
7.0-p1,wheeled_robot,progressive_history_reset,253,0-1-2-3,3,0.33333333333333,0.33333333333333,3.2,0.33333333333333,1.0,1.0,0.0,0.0,1.0,0.96061101828647,0.05528277780226,0.90532824048421,1,3,0.0,1.0,1.0
7.0-p1,wheeled_robot,progressive_no_persistent_self,253,0-1-2-3,3,0.0,1.0,4.8,0.0,0.0,0.0,6.4,1.0,0.984375,0.95764497728787,0.17819473422298,0.77945024306489,1,2,1.0,0.98958333333333,0.0
7.0-p1,drone,progressive_persistent,253,0-1-2-3,3,1.0,0.0,0.0,1.0,1.0,1.0,0.0,0.0,1.0,0.99281355190262,0.04025389870451,0.95255965319811,1,1,1.0,1.0,1.0
7.0-p1,drone,final_from_start,253,3-3-3-3,0,1.0,0.0,0.0,0.0,1.0,1.0,0.0,0.0,1.0,0.99285736746638,0.05532967263716,0.93752769482921,1,3,0.0,1.0,1.0
7.0-p1,drone,reverse_curriculum,253,3-2-1-0,3,1.0,0.0,0.0,1.0,1.0,1.0,0.0,0.0,1.0,0.99313296800179,0.04012732956489,0.9530056384369,1,1,1.0,1.0,1.0
7.0-p1,drone,random_curriculum,253,0-1-3-2,3,1.0,0.0,0.0,1.0,1.0,1.0,0.0,0.0,1.0,0.99298683067649,0.04121625127766,0.95177057939883,1,1,1.0,1.0,1.0
7.0-p1,drone,progressive_history_reset,253,0-1-2-3,3,0.33333333333333,0.33333333333333,3.2,0.33333333333333,1.0,1.0,0.0,0.0,1.0,0.95801210710305,0.05544536525774,0.9025667418453,1,3,0.0,1.0,1.0
7.0-p1,drone,progressive_no_persistent_self,253,0-1-2-3,3,0.0,1.0,4.8,0.0,0.0,0.0,6.4,1.0,0.984375,0.95460823266081,0.17558918832912,0.77901904433169,1,3,1.0,0.99479166666667,0.0
7.0-p1,virtual_avatar,progressive_persistent,253,0-1-2-3,3,1.0,0.0,0.0,1.0,1.0,1.0,0.0,0.0,1.0,0.99485057593245,0.04041984600977,0.95443072992268,1,1,1.0,1.0,1.0
7.0-p1,virtual_avatar,final_from_start,253,3-3-3-3,0,1.0,0.0,0.0,0.0,0.0,0.0,6.4,1.0,1.0,0.99485203361593,0.18070099728008,0.81415103633585,1,3,0.0,1.0,0.0
7.0-p1,virtual_avatar,reverse_curriculum,253,3-2-1-0,3,1.0,0.0,0.0,1.0,1.0,1.0,0.0,0.0,1.0,0.99505433445009,0.04016287354314,0.95489146090696,1,1,1.0,1.0,1.0
7.0-p1,virtual_avatar,random_curriculum,253,0-1-3-2,3,1.0,0.0,0.0,1.0,1.0,1.0,0.0,0.0,1.0,0.99496774868648,0.0404220961467,0.95454565253979,1,1,1.0,1.0,1.0
7.0-p1,virtual_avatar,progressive_history_reset,253,0-1-2-3,3,0.0,0.0,4.8,0.0,0.0,0.0,6.4,1.0,1.0,0.96274875015308,0.05546304108461,0.90728570906847,1,3,0.0,1.0,0.0
7.0-p1,virtual_avatar,progressive_no_persistent_self,253,0-1-2-3,3,0.0,1.0,4.8,0.0,0.0,0.0,6.4,1.0,0.984375,0.95995477695628,0.18042443354369,0.77953034341259,1,3,1.0,0.99479166666667,0.0
7.0-p1,ground_creature,progressive_persistent,254,0-1-2-3,3,1.0,0.0,0.0,1.0,1.0,1.0,0.0,0.0,1.0,0.9945281342057,0.04036736058958,0.95416077361613,1,1,1.0,1.0,1.0
7.0-p1,ground_creature,final_from_start,254,3-3-3-3,0,1.0,0.0,0.0,0.0,0.0,0.0,6.4,0.04545454545455,1.0,0.37600203165168,0.08301447347325,0.29298755817843,64,67,0.0,1.0,0.23863636363636
7.0-p1,ground_creature,reverse_curriculum,254,3-2-1-0,3,1.0,0.0,0.0,1.0,1.0,1.0,0.0,0.0,1.0,0.99478800238689,0.04024292416331,0.95454507822359,1,1,1.0,1.0,1.0
7.0-p1,ground_creature,random_curriculum,254,1-0-2-3,3,1.0,0.0,0.0,1.0,1.0,1.0,0.0,0.0,1.0,0.99451452850818,0.04014189029514,0.95437263821304,1,1,1.0,1.0,1.0
7.0-p1,ground_creature,progressive_history_reset,254,0-1-2-3,3,0.0,0.66666666666667,4.8,0.0,0.0,0.0,6.4,0.0,1.0,0.96198157383547,0.05553979539173,0.90644177844374,1,3,0.0,1.0,0.25
7.0-p1,ground_creature,progressive_no_persistent_self,254,0-1-2-3,3,0.0,1.0,4.8,0.0,1.0,1.0,0.0,0.0,1.0,0.99450905115095,0.04596196439029,0.94854708676066,1,3,0.0,0.99479166666667,1.0
7.0-p1,wheeled_robot,progressive_persistent,254,0-1-2-3,3,1.0,0.0,0.0,1.0,1.0,1.0,0.0,0.0,1.0,0.99392587602345,0.04012376229534,0.95380211372811,1,1,1.0,1.0,1.0
7.0-p1,wheeled_robot,final_from_start,254,3-3-3-3,0,1.0,0.0,0.0,0.0,1.0,1.0,0.0,0.0,1.0,0.99394363758396,0.05536915303557,0.93857448454839,1,3,0.0,1.0,1.0
7.0-p1,wheeled_robot,reverse_curriculum,254,3-2-1-0,3,1.0,0.0,0.0,1.0,1.0,1.0,0.0,0.0,1.0,0.9942056598521,0.04025284780086,0.95395281205124,1,1,1.0,1.0,1.0
7.0-p1,wheeled_robot,random_curriculum,254,1-0-2-3,3,1.0,0.0,0.0,1.0,1.0,1.0,0.0,0.0,1.0,0.99393289256861,0.04012040277379,0.95381248979482,1,1,1.0,1.0,1.0
7.0-p1,wheeled_robot,progressive_history_reset,254,0-1-2-3,3,0.0,0.0,4.8,0.0,0.0,0.0,6.4,0.0,1.0,0.96035481802212,0.05531071305694,0.90504410496518,1,3,0.0,1.0,0.25
7.0-p1,wheeled_robot,progressive_no_persistent_self,254,0-1-2-3,3,0.0,1.0,4.8,0.0,1.0,1.0,0.0,0.0,1.0,0.9939253606052,0.04597539057146,0.94794997003374,1,3,0.0,0.99479166666667,1.0
7.0-p1,drone,progressive_persistent,254,0-1-2-3,3,1.0,0.0,0.0,1.0,1.0,1.0,0.0,0.0,1.0,0.99282289087329,0.0403651498687,0.95245774100459,1,1,1.0,1.0,1.0
7.0-p1,drone,final_from_start,254,3-3-3-3,0,1.0,0.0,0.0,0.0,0.0,0.0,6.4,1.0,1.0,0.99281610080892,0.17580119117246,0.81701490963647,1,3,0.0,1.0,0.0
7.0-p1,drone,reverse_curriculum,254,3-2-1-0,3,1.0,0.0,0.0,1.0,1.0,1.0,0.0,0.0,1.0,0.99312790031354,0.04013818871591,0.95298971159763,1,1,1.0,1.0,1.0
7.0-p1,drone,random_curriculum,254,1-0-2-3,3,1.0,0.0,0.0,1.0,1.0,1.0,0.0,0.0,1.0,0.99285087624156,0.04032862928232,0.95252224695924,1,1,1.0,1.0,1.0
7.0-p1,drone,progressive_history_reset,254,0-1-2-3,3,0.33333333333333,0.0,3.2,0.33333333333333,0.0,0.0,6.4,0.0,1.0,0.95794781967425,0.05562764740083,0.90232017227342,1,3,0.0,1.0,0.25
7.0-p1,drone,progressive_no_persistent_self,254,0-1-2-3,3,0.0,1.0,4.8,0.0,0.0,0.0,6.4,1.0,1.0,0.95797993450084,0.17585562772269,0.78212430677815,1,4,0.0,0.99479166666667,0.0
7.0-p1,virtual_avatar,progressive_persistent,254,0-1-2-3,3,1.0,0.0,0.0,1.0,1.0,1.0,0.0,0.0,1.0,0.99487384155101,0.04016572630111,0.9547081152499,1,1,1.0,1.0,1.0
7.0-p1,virtual_avatar,final_from_start,254,3-3-3-3,0,1.0,0.0,0.0,0.0,0.0,0.0,6.4,1.0,1.0,0.99485045879816,0.18084376845094,0.81400669034723,1,3,0.0,1.0,0.0
7.0-p1,virtual_avatar,reverse_curriculum,254,3-2-1-0,3,1.0,0.0,0.0,1.0,1.0,1.0,0.0,0.0,1.0,0.99502613869808,0.04011540781346,0.95491073088462,1,1,1.0,1.0,1.0
7.0-p1,virtual_avatar,random_curriculum,254,1-0-2-3,3,1.0,0.0,0.0,1.0,1.0,1.0,0.0,0.0,1.0,0.99486184512142,0.04022346023354,0.95463838488788,1,1,1.0,1.0,1.0
7.0-p1,virtual_avatar,progressive_history_reset,254,0-1-2-3,3,0.0,0.0,4.8,0.0,0.0,0.0,6.4,0.0,1.0,0.9626049056253,0.05553725115416,0.90706765447114,1,3,1.0,1.0,0.25
7.0-p1,virtual_avatar,progressive_no_persistent_self,254,0-1-2-3,3,0.0,1.0,4.8,0.0,1.0,1.0,0.0,0.0,1.0,0.99483538248041,0.04618334080872,0.9486520416717,1,4,0.0,1.0,1.0
7.0-p1,ground_creature,progressive_persistent,255,0-1-2-3,3,1.0,0.0,0.0,1.0,1.0,1.0,0.0,0.0,1.0,0.9945264356341,0.04000570502646,0.95452073060763,1,1,1.0,1.0,1.0
7.0-p1,ground_creature,final_from_start,255,3-3-3-3,0,1.0,0.0,0.0,0.0,0.0,0.0,6.4,1.0,1.0,0.37586048044285,0.17965919877022,0.19620128167263,64,67,0.0,1.0,0.0
7.0-p1,ground_creature,reverse_curriculum,255,3-2-1-0,3,1.0,0.0,0.0,1.0,1.0,1.0,0.0,0.0,1.0,0.99475239687372,0.0402070096792,0.95454538719451,1,1,1.0,1.0,1.0
7.0-p1,ground_creature,random_curriculum,255,0-2-3-1,3,1.0,0.0,0.0,1.0,1.0,1.0,0.0,0.0,1.0,0.99471475665487,0.04032151394523,0.95439324270963,1,1,1.0,1.0,1.0
7.0-p1,ground_creature,progressive_history_reset,255,0-1-2-3,3,0.0,0.0,4.8,0.0,0.0,0.0,6.4,0.0,1.0,0.96170046482162,0.05548437906263,0.90621608575899,1,4,0.0,1.0,0.25
7.0-p1,ground_creature,progressive_no_persistent_self,255,0-1-2-3,3,0.0,1.0,4.8,0.0,0.0,0.0,6.4,1.0,0.984375,0.95900101794932,0.18000262481302,0.7789983931363,1,4,0.0,1.0,0.0
7.0-p1,wheeled_robot,progressive_persistent,255,0-1-2-3,3,1.0,0.0,0.0,1.0,1.0,1.0,0.0,0.0,1.0,0.99396144041865,0.05530695681204,0.9386544836066,1,1,1.0,1.0,1.0
7.0-p1,wheeled_robot,final_from_start,255,3-3-3-3,0,1.0,0.0,0.0,0.0,0.0,0.0,6.4,1.0,1.0,0.99390068102212,0.17812726438629,0.81577341663583,1,4,0.0,1.0,0.0
7.0-p1,wheeled_robot,reverse_curriculum,255,3-2-1-0,3,1.0,0.0,0.0,1.0,1.0,1.0,0.0,0.0,1.0,0.99419780583667,0.05549764582817,0.9387001600085,1,1,1.0,1.0,1.0
7.0-p1,wheeled_robot,random_curriculum,255,0-2-3-1,3,1.0,0.0,0.0,1.0,1.0,1.0,0.0,0.0,1.0,0.99411659548588,0.05567990101473,0.93843669447115,1,1,1.0,1.0,1.0
7.0-p1,wheeled_robot,progressive_history_reset,255,0-1-2-3,3,0.33333333333333,0.0,3.2,0.33333333333333,0.0,0.0,6.4,0.0,1.0,0.96021186980882,0.05555212022456,0.90465974958426,1,4,0.0,1.0,0.25
7.0-p1,wheeled_robot,progressive_no_persistent_self,255,0-1-2-3,3,0.0,1.0,4.8,0.0,1.0,1.0,0.0,0.0,1.0,0.99388743181462,0.04579287295272,0.9480945588619,1,2,0.0,0.98958333333333,1.0
7.0-p1,drone,progressive_persistent,255,0-1-2-3,3,1.0,0.0,0.0,1.0,1.0,1.0,0.0,0.0,1.0,0.99282460205942,0.04023985603548,0.95258474602394,1,1,1.0,1.0,1.0
7.0-p1,drone,final_from_start,255,3-3-3-3,0,1.0,0.0,0.0,0.0,0.0,0.0,6.4,1.0,1.0,0.99279685035068,0.17562593360208,0.81717091674861,1,3,0.0,1.0,0.0
7.0-p1,drone,reverse_curriculum,255,3-2-1-0,3,1.0,0.0,0.0,1.0,1.0,1.0,0.0,0.0,1.0,0.99313711575918,0.04009984168678,0.9530372740724,1,1,1.0,1.0,1.0
7.0-p1,drone,random_curriculum,255,0-2-3-1,3,1.0,0.0,0.0,1.0,1.0,1.0,0.0,0.0,1.0,0.99308001774097,0.04009812739159,0.95298189034939,1,1,1.0,1.0,1.0
7.0-p1,drone,progressive_history_reset,255,0-1-2-3,3,0.0,0.66666666666667,4.8,0.0,0.0,0.0,6.4,1.0,1.0,0.95774920962723,0.05539748816837,0.90235172145886,1,3,0.0,1.0,0.0
7.0-p1,drone,progressive_no_persistent_self,255,0-1-2-3,3,0.0,1.0,4.8,0.0,1.0,1.0,0.0,0.0,1.0,0.99282742437502,0.04582599007222,0.9470014343028,1,4,0.0,1.0,1.0
7.0-p1,virtual_avatar,progressive_persistent,255,0-1-2-3,3,1.0,0.0,0.0,1.0,1.0,1.0,0.0,0.0,1.0,0.99484103095821,0.05538598959387,0.93945504136434,1,1,1.0,1.0,1.0
7.0-p1,virtual_avatar,final_from_start,255,3-3-3-3,0,1.0,0.0,0.0,0.0,0.0,0.0,6.4,1.0,1.0,0.99487090332645,0.1809404914562,0.81393041187026,1,2,1.0,1.0,0.0
7.0-p1,virtual_avatar,reverse_curriculum,255,3-2-1-0,3,1.0,0.0,0.0,1.0,1.0,1.0,0.0,0.0,1.0,0.99505361406886,0.0552611607098,0.93979245335906,1,1,1.0,1.0,1.0
7.0-p1,virtual_avatar,random_curriculum,255,0-2-3-1,3,1.0,0.0,0.0,1.0,1.0,1.0,0.0,0.0,1.0,0.99502289277307,0.05544831903256,0.93957457374051,1,1,1.0,1.0,1.0
7.0-p1,virtual_avatar,progressive_history_reset,255,0-1-2-3,3,0.33333333333333,0.33333333333333,3.2,0.33333333333333,1.0,1.0,0.0,0.0,1.0,0.96255759505262,0.05550703963641,0.9070505554162,1,3,0.0,1.0,1.0
7.0-p1,virtual_avatar,progressive_no_persistent_self,255,0-1-2-3,3,0.33333333333333,0.66666666666667,3.2,0.33333333333333,0.0,0.0,6.4,1.0,1.0,0.96247187996343,0.18069265525076,0.78177922471267,1,3,0.0,0.99479166666667,0.0
7.0-p1,ground_creature,progressive_persistent,256,0-1-2-3,3,1.0,0.0,0.0,1.0,1.0,1.0,0.0,0.0,1.0,0.99453154656111,0.05543544473516,0.93909610182595,1,1,1.0,1.0,1.0
7.0-p1,ground_creature,final_from_start,256,3-3-3-3,0,1.0,0.0,0.0,0.0,1.0,1.0,0.0,0.0,1.0,0.99449185760419,0.18049325404773,0.81399860355647,1,4,0.0,1.0,1.0
7.0-p1,ground_creature,reverse_curriculum,256,3-2-1-0,3,1.0,0.0,0.0,1.0,1.0,1.0,0.0,0.0,1.0,0.99474877395796,0.05528227086745,0.93946650309052,1,1,1.0,1.0,1.0
7.0-p1,ground_creature,random_curriculum,256,1-0-3-2,3,1.0,0.0,0.0,1.0,1.0,1.0,0.0,0.0,1.0,0.99464327303726,0.04022959849641,0.95441367454085,1,1,1.0,1.0,1.0
7.0-p1,ground_creature,progressive_history_reset,256,0-1-2-3,3,0.33333333333333,0.0,3.2,0.33333333333333,0.0,0.0,6.4,0.0,1.0,0.96147692723445,0.05536484886457,0.90611207836989,1,4,0.0,1.0,0.25
7.0-p1,ground_creature,progressive_no_persistent_self,256,0-1-2-3,3,0.0,1.0,4.8,0.0,0.0,0.0,6.4,1.0,1.0,0.96150049587229,0.18004769849001,0.78145279738228,1,3,0.0,0.98958333333333,0.0
7.0-p1,wheeled_robot,progressive_persistent,256,0-1-2-3,3,1.0,0.0,0.0,1.0,1.0,1.0,0.0,0.0,1.0,0.99390760275903,0.05542471392208,0.93848288883695,1,1,1.0,1.0,1.0
7.0-p1,wheeled_robot,final_from_start,256,3-3-3-3,0,1.0,0.0,0.0,0.0,0.0,0.0,6.4,1.0,1.0,0.37288360966855,0.17838471267306,0.19449889699549,64,68,0.0,1.0,0.0
7.0-p1,wheeled_robot,reverse_curriculum,256,3-2-1-0,3,1.0,0.0,0.0,1.0,1.0,1.0,0.0,0.0,1.0,0.99421307507483,0.05548631227949,0.93872676279534,1,1,1.0,1.0,1.0
7.0-p1,wheeled_robot,random_curriculum,256,1-0-3-2,3,1.0,0.0,0.0,1.0,1.0,1.0,0.0,0.0,1.0,0.9940490342255,0.04008026540402,0.95396876882149,1,1,1.0,1.0,1.0
7.0-p1,wheeled_robot,progressive_history_reset,256,0-1-2-3,3,0.66666666666667,0.0,1.6,0.66666666666667,1.0,1.0,0.0,0.0,1.0,0.96008223528983,0.05527113840269,0.90481109688713,1,2,0.0,1.0,1.0
7.0-p1,wheeled_robot,progressive_no_persistent_self,256,0-1-2-3,3,0.0,1.0,4.8,0.0,0.0,0.0,6.4,1.0,0.984375,0.95692009698595,0.17856796424218,0.77835213274377,1,2,1.0,0.98958333333333,0.0
7.0-p1,drone,progressive_persistent,256,0-1-2-3,3,1.0,0.0,0.0,1.0,1.0,1.0,0.0,0.0,1.0,0.99286060417609,0.04019960903732,0.95266099513877,1,1,1.0,1.0,1.0
7.0-p1,drone,final_from_start,256,3-3-3-3,0,1.0,0.0,0.0,0.0,1.0,1.0,0.0,0.0,1.0,0.99284153325841,0.17640968583867,0.81643184741974,1,3,0.0,1.0,1.0
7.0-p1,drone,reverse_curriculum,256,3-2-1-0,3,1.0,0.0,0.0,1.0,1.0,1.0,0.0,0.0,1.0,0.99313841662053,0.0401786679752,0.95295974864533,1,1,1.0,1.0,1.0
7.0-p1,drone,random_curriculum,256,1-0-3-2,3,1.0,0.0,0.0,1.0,1.0,1.0,0.0,0.0,1.0,0.99295149213985,0.04034855578262,0.95260293635723,1,1,1.0,1.0,1.0
7.0-p1,drone,progressive_history_reset,256,0-1-2-3,3,0.66666666666667,0.33333333333333,1.6,0.66666666666667,0.0,0.0,6.4,0.0,1.0,0.95769616833613,0.05547574313295,0.90222042520318,1,3,0.0,1.0,0.25
7.0-p1,drone,progressive_no_persistent_self,256,0-1-2-3,3,0.0,1.0,4.8,0.0,0.0,0.0,6.4,1.0,0.984375,0.95417028962141,0.17593033992786,0.77823994969355,1,4,0.0,1.0,0.0
7.0-p1,virtual_avatar,progressive_persistent,256,0-1-2-3,3,1.0,0.0,0.0,1.0,1.0,1.0,0.0,0.0,1.0,0.99485414740633,0.04034147820992,0.95451266919641,1,1,1.0,1.0,1.0
7.0-p1,virtual_avatar,final_from_start,256,3-3-3-3,0,1.0,0.0,0.0,0.0,0.0,0.0,6.4,1.0,1.0,0.377789638971,0.1807035018913,0.1970861370797,64,67,0.0,1.0,0.0
7.0-p1,virtual_avatar,reverse_curriculum,256,3-2-1-0,3,1.0,0.0,0.0,1.0,1.0,1.0,0.0,0.0,1.0,0.99502779469554,0.04008262531589,0.95494516937965,1,1,1.0,1.0,1.0
7.0-p1,virtual_avatar,random_curriculum,256,1-0-3-2,3,1.0,0.0,0.0,1.0,1.0,1.0,0.0,0.0,1.0,0.99494384987011,0.04007765095345,0.95486619891666,1,1,1.0,1.0,1.0
7.0-p1,virtual_avatar,progressive_history_reset,256,0-1-2-3,3,0.33333333333333,0.0,3.2,0.33333333333333,0.0,0.0,6.4,1.0,1.0,0.96238191318188,0.05553957623555,0.90684233694633,1,3,0.0,1.0,0.0
7.0-p1,virtual_avatar,progressive_no_persistent_self,256,0-1-2-3,3,0.0,1.0,4.8,0.0,0.0,0.0,6.4,1.0,0.984375,0.95958331695587,0.18108858983677,0.7784947271191,1,3,0.0,0.99479166666667,0.0
7.0-p1,ground_creature,progressive_persistent,257,0-1-2-3,3,1.0,0.0,0.0,1.0,1.0,1.0,0.0,0.0,1.0,0.99453971433464,0.05562079126206,0.93891892307258,1,1,1.0,1.0,1.0
7.0-p1,ground_creature,final_from_start,257,3-3-3-3,0,1.0,0.0,0.0,0.0,0.0,0.0,6.4,1.0,1.0,0.37597053572428,0.18016746977079,0.19580306595349,64,68,0.0,1.0,0.0
7.0-p1,ground_creature,reverse_curriculum,257,3-2-1-0,3,1.0,0.0,0.0,1.0,1.0,1.0,0.0,0.0,1.0,0.99475576130263,0.05542174065987,0.93933402064276,1,1,1.0,1.0,1.0
7.0-p1,ground_creature,random_curriculum,257,1-2-3-0,3,1.0,0.0,0.0,1.0,1.0,1.0,0.0,0.0,1.0,0.99473985914718,0.05545185550978,0.9392880036374,1,1,1.0,1.0,1.0
7.0-p1,ground_creature,progressive_history_reset,257,0-1-2-3,3,0.66666666666667,0.0,1.6,0.66666666666667,1.0,1.0,0.0,0.0,1.0,0.96144254263716,0.05545654940858,0.90598599322858,1,2,0.0,1.0,1.0
7.0-p1,ground_creature,progressive_no_persistent_self,257,0-1-2-3,3,0.0,1.0,4.8,0.0,0.0,0.0,6.4,1.0,1.0,0.96151031938346,0.17998650716233,0.78152381222113,1,3,0.0,0.98958333333333,0.0
7.0-p1,wheeled_robot,progressive_persistent,257,0-1-2-3,3,1.0,0.0,0.0,1.0,1.0,1.0,0.0,0.0,1.0,0.99395942569844,0.04023405550296,0.95372537019548,1,1,1.0,1.0,1.0
7.0-p1,wheeled_robot,final_from_start,257,3-3-3-3,0,1.0,0.0,0.0,0.0,0.0,0.0,6.4,1.0,1.0,0.99394111089121,0.17850439131785,0.81543671957336,1,3,0.0,1.0,0.0
7.0-p1,wheeled_robot,reverse_curriculum,257,3-2-1-0,3,1.0,0.0,0.0,1.0,1.0,1.0,0.0,0.0,1.0,0.99421326521304,0.03999827229763,0.95421499291541,1,1,1.0,1.0,1.0
7.0-p1,wheeled_robot,random_curriculum,257,1-2-3-0,3,1.0,0.0,0.0,1.0,1.0,1.0,0.0,0.0,1.0,0.99421781100515,0.05545679419718,0.93876101680797,1,1,1.0,1.0,1.0
7.0-p1,wheeled_robot,progressive_history_reset,257,0-1-2-3,3,0.33333333333333,0.33333333333333,3.2,0.33333333333333,0.0,0.0,6.4,1.0,1.0,0.96007737434278,0.05572662447807,0.9043507498647,1,3,0.0,1.0,0.0
7.0-p1,wheeled_robot,progressive_no_persistent_self,257,0-1-2-3,3,0.0,1.0,4.8,0.0,0.0,0.0,6.4,1.0,1.0,0.95988308244363,0.17886272960387,0.78102035283976,1,5,0.0,1.0,0.0
7.0-p1,drone,progressive_persistent,257,0-1-2-3,3,1.0,0.0,0.0,1.0,1.0,1.0,0.0,0.0,1.0,0.99286478304747,0.04129013447831,0.95157464856916,1,1,1.0,1.0,1.0
7.0-p1,drone,final_from_start,257,3-3-3-3,0,1.0,0.0,0.0,0.0,0.0,0.0,6.4,1.0,1.0,0.36798602636899,0.17572216076589,0.1922638656031,64,68,0.0,1.0,0.0
7.0-p1,drone,reverse_curriculum,257,3-2-1-0,3,1.0,0.0,0.0,1.0,1.0,1.0,0.0,0.0,1.0,0.99316096438452,0.04130384531359,0.95185711907093,1,1,1.0,1.0,1.0
7.0-p1,drone,random_curriculum,257,1-2-3-0,3,1.0,0.0,0.0,1.0,1.0,1.0,0.0,0.0,1.0,0.99316183443084,0.04136777269816,0.95179406173268,1,1,1.0,1.0,1.0
7.0-p1,drone,progressive_history_reset,257,0-1-2-3,3,0.0,0.33333333333333,4.8,0.0,0.0,0.0,6.4,0.0,1.0,0.95752355222901,0.05546664127188,0.90205691095713,1,3,0.0,1.0,0.25
7.0-p1,drone,progressive_no_persistent_self,257,0-1-2-3,3,0.0,1.0,4.8,0.0,1.0,1.0,0.0,0.0,1.0,0.99281706947002,0.04561762680531,0.94719944266471,1,3,0.0,0.99479166666667,1.0
7.0-p1,virtual_avatar,progressive_persistent,257,0-1-2-3,3,1.0,0.0,0.0,1.0,1.0,1.0,0.0,0.0,1.0,0.99487432534568,0.04000301480556,0.95487131054012,1,1,1.0,1.0,1.0
7.0-p1,virtual_avatar,final_from_start,257,3-3-3-3,0,1.0,0.0,0.0,0.0,0.0,0.0,6.4,1.0,1.0,0.37800611379688,0.18112410763624,0.19688200616064,64,67,0.0,1.0,0.0
7.0-p1,virtual_avatar,reverse_curriculum,257,3-2-1-0,3,1.0,0.0,0.0,1.0,1.0,1.0,0.0,0.0,1.0,0.99503408829187,0.04013264532067,0.9549014429712,1,1,1.0,1.0,1.0
7.0-p1,virtual_avatar,random_curriculum,257,1-2-3-0,3,1.0,0.0,0.0,1.0,1.0,1.0,0.0,0.0,1.0,0.9950314773033,0.05562667088462,0.93940480641868,1,1,1.0,1.0,1.0
7.0-p1,virtual_avatar,progressive_history_reset,257,0-1-2-3,3,0.0,0.66666666666667,4.8,0.0,1.0,1.0,0.0,0.0,1.0,0.96227562136934,0.05554336502413,0.90673225634522,1,3,1.0,1.0,1.0
7.0-p1,virtual_avatar,progressive_no_persistent_self,257,0-1-2-3,3,0.0,1.0,4.8,0.0,0.0,0.0,6.4,1.0,0.984375,0.95944755810044,0.1808606027001,0.77858695540034,1,3,0.0,0.99479166666667,0.0
7.0-p1,ground_creature,progressive_persistent,258,0-1-2-3,3,1.0,0.0,0.0,1.0,1.0,1.0,0.0,0.0,1.0,0.99454066195231,0.05537996438701,0.9391606975653,1,1,1.0,1.0,1.0
7.0-p1,ground_creature,final_from_start,258,3-3-3-3,0,1.0,0.0,0.0,0.0,1.0,1.0,0.0,0.0,1.0,0.99451521247507,0.18047808638653,0.81403712608854,1,4,0.0,1.0,1.0
7.0-p1,ground_creature,reverse_curriculum,258,3-2-1-0,3,1.0,0.0,0.0,1.0,1.0,1.0,0.0,0.0,1.0,0.99477433269933,0.05535777261426,0.93941656008506,1,1,1.0,1.0,1.0
7.0-p1,ground_creature,random_curriculum,258,1-2-3-0,3,1.0,0.0,0.0,1.0,1.0,1.0,0.0,0.0,1.0,0.99476784769517,0.05559178480526,0.9391760628899,1,1,1.0,1.0,1.0
7.0-p1,ground_creature,progressive_history_reset,258,0-1-2-3,3,0.66666666666667,0.0,1.6,0.66666666666667,0.0,0.0,6.4,1.0,1.0,0.96129751600571,0.05551823389661,0.9057792821091,1,3,0.0,1.0,0.0
7.0-p1,ground_creature,progressive_no_persistent_self,258,0-1-2-3,3,0.0,1.0,4.8,0.0,1.0,1.0,0.0,0.0,1.0,0.99452575674492,0.04619373898904,0.94833201775588,1,3,0.0,0.99479166666667,1.0
7.0-p1,wheeled_robot,progressive_persistent,258,0-1-2-3,3,1.0,0.0,0.0,1.0,1.0,1.0,0.0,0.0,1.0,0.99397556983394,0.0410953197033,0.95288025013064,1,1,1.0,1.0,1.0
7.0-p1,wheeled_robot,final_from_start,258,3-3-3-3,0,1.0,0.0,0.0,0.0,0.0,0.0,6.4,1.0,1.0,0.37306779501337,0.17873878511859,0.19432900989478,64,68,0.0,1.0,0.0
7.0-p1,wheeled_robot,reverse_curriculum,258,3-2-1-0,3,1.0,0.0,0.0,1.0,1.0,1.0,0.0,0.0,1.0,0.9942475084052,0.04139126682399,0.95285624158121,1,1,1.0,1.0,1.0
7.0-p1,wheeled_robot,random_curriculum,258,1-2-3-0,3,1.0,0.0,0.0,1.0,1.0,1.0,0.0,0.0,1.0,0.99424479671039,0.04128252646522,0.95296227024517,1,1,1.0,1.0,1.0
7.0-p1,wheeled_robot,progressive_history_reset,258,0-1-2-3,3,0.33333333333333,0.0,3.2,0.33333333333333,1.0,1.0,0.0,0.0,1.0,0.9600571094538,0.05543084467967,0.90462626477414,1,2,1.0,1.0,1.0
7.0-p1,wheeled_robot,progressive_no_persistent_self,258,0-1-2-3,3,0.0,1.0,4.8,0.0,1.0,1.0,0.0,0.0,1.0,0.99394272104498,0.04588080775214,0.94806191329284,1,3,0.0,0.99479166666667,1.0
7.0-p1,drone,progressive_persistent,258,0-1-2-3,3,1.0,0.0,0.0,1.0,1.0,1.0,0.0,0.0,1.0,0.99286611675204,0.04020426385049,0.95266185290155,1,1,1.0,1.0,1.0
7.0-p1,drone,final_from_start,258,3-3-3-3,0,1.0,0.0,0.0,0.0,0.0,0.0,6.4,1.0,1.0,0.3679790308193,0.17624774925192,0.19173128156737,64,68,0.0,1.0,0.0
7.0-p1,drone,reverse_curriculum,258,3-2-1-0,3,1.0,0.0,0.0,1.0,1.0,1.0,0.0,0.0,1.0,0.99316185733873,0.04014028572222,0.95302157161651,1,1,1.0,1.0,1.0
7.0-p1,drone,random_curriculum,258,1-2-3-0,3,1.0,0.0,0.0,1.0,1.0,1.0,0.0,0.0,1.0,0.99316182968043,0.05535864019078,0.93780318948964,1,1,1.0,1.0,1.0
7.0-p1,drone,progressive_history_reset,258,0-1-2-3,3,0.0,0.33333333333333,4.8,0.0,1.0,1.0,0.0,0.0,1.0,0.95748018026888,0.05544678318255,0.90203339708633,1,3,0.0,1.0,1.0
7.0-p1,drone,progressive_no_persistent_self,258,0-1-2-3,3,0.0,1.0,4.8,0.0,0.0,0.0,6.4,1.0,1.0,0.95744835319133,0.17633306816875,0.78111528502259,1,4,0.0,0.99479166666667,0.0
7.0-p1,virtual_avatar,progressive_persistent,258,0-1-2-3,3,1.0,0.0,0.0,1.0,1.0,1.0,0.0,0.0,1.0,0.99488679573565,0.04021487127902,0.95467192445663,1,1,1.0,1.0,1.0
7.0-p1,virtual_avatar,final_from_start,258,3-3-3-3,0,1.0,0.0,0.0,0.0,0.0,0.0,6.4,1.0,1.0,0.37777754012461,0.1811373665034,0.19664017362121,64,68,0.0,1.0,0.0
7.0-p1,virtual_avatar,reverse_curriculum,258,3-2-1-0,3,1.0,0.0,0.0,1.0,1.0,1.0,0.0,0.0,1.0,0.99504761200331,0.04030576943261,0.9547418425707,1,1,1.0,1.0,1.0
7.0-p1,virtual_avatar,random_curriculum,258,1-2-3-0,3,1.0,0.0,0.0,1.0,1.0,1.0,0.0,0.0,1.0,0.99504152409828,0.05533505257268,0.9397064715256,1,1,1.0,1.0,1.0
7.0-p1,virtual_avatar,progressive_history_reset,258,0-1-2-3,3,0.0,0.33333333333333,4.8,0.0,0.0,0.0,6.4,1.0,1.0,0.96205824383972,0.05530038703977,0.90675785679995,1,3,0.0,1.0,0.0
7.0-p1,virtual_avatar,progressive_no_persistent_self,258,0-1-2-3,3,0.0,1.0,4.8,0.0,1.0,1.0,0.0,0.0,1.0,0.99486851169145,0.04642227895274,0.94844623273871,1,3,0.0,0.99479166666667,1.0
7.0-p1,ground_creature,progressive_persistent,259,0-1-2-3,3,1.0,0.0,0.0,1.0,1.0,1.0,0.0,0.0,1.0,0.99454650068984,0.04028409027436,0.95426241041548,1,1,1.0,1.0,1.0
7.0-p1,ground_creature,final_from_start,259,3-3-3-3,0,1.0,0.0,0.0,0.0,0.0,0.0,6.4,1.0,1.0,0.99454043849833,0.18037891959545,0.81416151890287,1,2,1.0,1.0,0.0
7.0-p1,ground_creature,reverse_curriculum,259,3-2-1-0,3,1.0,0.0,0.0,1.0,1.0,1.0,0.0,0.0,1.0,0.99476218256922,0.04037305649066,0.95438912607856,1,1,1.0,1.0,1.0
7.0-p1,ground_creature,random_curriculum,259,2-3-1-0,3,1.0,0.0,0.0,1.0,1.0,1.0,0.0,0.0,1.0,0.99476227791125,0.0402279689292,0.95453430898206,1,1,1.0,1.0,1.0
7.0-p1,ground_creature,progressive_history_reset,259,0-1-2-3,3,0.0,0.66666666666667,4.8,0.0,0.0,0.0,6.4,1.0,1.0,0.96140767806025,0.05540939762536,0.9059982804349,1,4,1.0,1.0,0.0
7.0-p1,ground_creature,progressive_no_persistent_self,259,0-1-2-3,3,0.0,1.0,4.8,0.0,0.0,0.0,6.4,1.0,1.0,0.96121243384688,0.18037540149476,0.78083703235211,1,3,0.0,0.98958333333333,0.0
7.0-p1,wheeled_robot,progressive_persistent,259,0-1-2-3,3,1.0,0.0,0.0,1.0,1.0,1.0,0.0,0.0,1.0,0.99398114935245,0.04127638527146,0.95270476408099,1,1,1.0,1.0,1.0
7.0-p1,wheeled_robot,final_from_start,259,3-3-3-3,0,1.0,0.0,0.0,0.0,0.0,0.0,6.4,1.0,1.0,0.99394248519519,0.17908439240086,0.81485809279432,1,3,1.0,1.0,0.0
7.0-p1,wheeled_robot,reverse_curriculum,259,3-2-1-0,3,1.0,0.0,0.0,1.0,1.0,1.0,0.0,0.0,1.0,0.99421817642471,0.04135690942778,0.95286126699693,1,1,1.0,1.0,1.0
7.0-p1,wheeled_robot,random_curriculum,259,2-3-1-0,3,1.0,0.0,0.0,1.0,1.0,1.0,0.0,0.0,1.0,0.99422874056601,0.04135249114683,0.95287624941918,1,1,1.0,1.0,1.0
7.0-p1,wheeled_robot,progressive_history_reset,259,0-1-2-3,3,0.33333333333333,0.33333333333333,3.2,0.33333333333333,0.0,0.0,6.4,0.0,1.0,0.95972380053109,0.0554051996459,0.90431860088519,1,2,0.0,1.0,0.25
7.0-p1,wheeled_robot,progressive_no_persistent_self,259,0-1-2-3,3,0.0,1.0,4.8,0.0,1.0,1.0,0.0,0.0,1.0,0.99393173574537,0.04622020873624,0.94771152700914,1,3,0.0,0.99479166666667,1.0
7.0-p1,drone,progressive_persistent,259,0-1-2-3,3,1.0,0.0,0.0,1.0,1.0,1.0,0.0,0.0,1.0,0.99287071059631,0.0400519845095,0.95281872608681,1,1,1.0,1.0,1.0
7.0-p1,drone,final_from_start,259,3-3-3-3,0,1.0,0.0,0.0,0.0,1.0,1.0,0.0,0.0,1.0,0.99282642340044,0.05539136092413,0.93743506247631,1,3,0.0,1.0,1.0
7.0-p1,drone,reverse_curriculum,259,3-2-1-0,3,1.0,0.0,0.0,1.0,1.0,1.0,0.0,0.0,1.0,0.9931598714719,0.04011968859925,0.95304018287266,1,1,1.0,1.0,1.0
7.0-p1,drone,random_curriculum,259,2-3-1-0,3,1.0,0.0,0.0,1.0,1.0,1.0,0.0,0.0,1.0,0.99316602588198,0.04026394613648,0.9529020797455,1,1,1.0,1.0,1.0
7.0-p1,drone,progressive_history_reset,259,0-1-2-3,3,0.0,0.33333333333333,4.8,0.0,0.0,0.0,6.4,1.0,1.0,0.95751288450398,0.05554892591381,0.90196395859017,1,3,0.0,1.0,0.0
7.0-p1,drone,progressive_no_persistent_self,259,0-1-2-3,3,0.0,1.0,4.8,0.0,0.0,0.0,6.4,1.0,0.984375,0.95393015368681,0.17639374141014,0.77753641227667,1,3,0.0,0.99479166666667,0.0
7.0-p1,virtual_avatar,progressive_persistent,259,0-1-2-3,3,1.0,0.0,0.0,1.0,1.0,1.0,0.0,0.0,1.0,0.99487715049478,0.0400375431374,0.95483960735738,1,1,1.0,1.0,1.0
7.0-p1,virtual_avatar,final_from_start,259,3-3-3-3,0,1.0,0.0,0.0,0.0,0.0,0.0,6.4,1.0,1.0,0.37796216127517,0.18147830919549,0.19648385207968,64,68,0.0,1.0,0.0
7.0-p1,virtual_avatar,reverse_curriculum,259,3-2-1-0,3,1.0,0.0,0.0,1.0,1.0,1.0,0.0,0.0,1.0,0.99506019364289,0.04012403289229,0.9549361607506,1,1,1.0,1.0,1.0
7.0-p1,virtual_avatar,random_curriculum,259,2-3-1-0,3,1.0,0.0,0.0,1.0,1.0,1.0,0.0,0.0,1.0,0.99506924960513,0.04030827260386,0.95476097700127,1,1,1.0,1.0,1.0
7.0-p1,virtual_avatar,progressive_history_reset,259,0-1-2-3,3,0.0,0.0,4.8,0.0,0.0,0.0,6.4,1.0,1.0,0.96211239799949,0.05545205046046,0.90666034753902,1,4,0.0,1.0,0.0
7.0-p1,virtual_avatar,progressive_no_persistent_self,259,0-1-2-3,3,0.0,1.0,4.8,0.0,0.0,0.0,6.4,1.0,0.984375,0.95915641786002,0.18095833487457,0.77819808298545,1,4,0.0,1.0,0.0
7.0-p1,ground_creature,progressive_persistent,260,0-1-2-3,3,1.0,0.0,0.0,1.0,1.0,1.0,0.0,0.0,1.0,0.99455464636771,0.04125068417458,0.95330396219313,1,1,1.0,1.0,1.0
7.0-p1,ground_creature,final_from_start,260,3-3-3-3,0,1.0,0.0,0.0,0.0,0.0,0.0,6.4,1.0,1.0,0.99455947221269,0.18010061026564,0.81445886194705,1,3,1.0,1.0,0.0
7.0-p1,ground_creature,reverse_curriculum,260,3-2-1-0,3,1.0,0.0,0.0,1.0,1.0,1.0,0.0,0.0,1.0,0.99474943126282,0.04134710534738,0.95340232591544,1,1,1.0,1.0,1.0
7.0-p1,ground_creature,random_curriculum,260,3-1-0-2,3,1.0,0.0,0.0,1.0,1.0,1.0,0.0,0.0,1.0,0.99466877376941,0.04122770830859,0.95344106546082,1,1,1.0,1.0,1.0
7.0-p1,ground_creature,progressive_history_reset,260,0-1-2-3,3,0.0,1.0,4.8,0.0,1.0,1.0,0.0,0.0,1.0,0.96115059264671,0.05534814250658,0.90580245014013,1,2,0.0,1.0,1.0
7.0-p1,ground_creature,progressive_no_persistent_self,260,0-1-2-3,3,0.0,1.0,4.8,0.0,0.0,0.0,6.4,1.0,0.984375,0.95822432204229,0.18068116510057,0.77754315694172,1,3,1.0,0.99479166666667,0.0
7.0-p1,wheeled_robot,progressive_persistent,260,0-1-2-3,3,1.0,0.0,0.0,1.0,1.0,1.0,0.0,0.0,1.0,0.99394475206472,0.04128716542375,0.95265758664097,1,1,1.0,1.0,1.0
7.0-p1,wheeled_robot,final_from_start,260,3-3-3-3,0,1.0,0.0,0.0,0.0,0.0,0.0,6.4,1.0,1.0,0.99400651354072,0.17937200985047,0.81463450369025,1,3,1.0,1.0,0.0
7.0-p1,wheeled_robot,reverse_curriculum,260,3-2-1-0,3,1.0,0.0,0.0,1.0,1.0,1.0,0.0,0.0,1.0,0.99421814350627,0.04134650476418,0.95287163874209,1,1,1.0,1.0,1.0
7.0-p1,wheeled_robot,random_curriculum,260,3-1-0-2,3,1.0,0.0,0.0,1.0,1.0,1.0,0.0,0.0,1.0,0.99405503656465,0.0414652761577,0.95258976040695,1,1,1.0,1.0,1.0
7.0-p1,wheeled_robot,progressive_history_reset,260,0-1-2-3,3,0.0,0.0,4.8,0.0,1.0,1.0,0.0,0.0,1.0,0.95983563936407,0.05563919801287,0.90419644135119,1,3,0.0,1.0,1.0
7.0-p1,wheeled_robot,progressive_no_persistent_self,260,0-1-2-3,3,0.0,1.0,4.8,0.0,0.0,0.0,6.4,1.0,0.984375,0.95652595171463,0.17906675851398,0.77745919320065,1,3,1.0,0.99479166666667,0.0
7.0-p1,drone,progressive_persistent,260,0-1-2-3,3,1.0,0.0,0.0,1.0,1.0,1.0,0.0,0.0,1.0,0.99288136367104,0.04010166029929,0.95277970337175,1,1,1.0,1.0,1.0
7.0-p1,drone,final_from_start,260,3-3-3-3,0,1.0,0.0,0.0,0.0,1.0,1.0,0.0,0.0,1.0,0.99284630552198,0.05551475421198,0.93733155131,1,4,0.0,1.0,1.0
7.0-p1,drone,reverse_curriculum,260,3-2-1-0,3,1.0,0.0,0.0,1.0,1.0,1.0,0.0,0.0,1.0,0.99321377618652,0.04014636056149,0.95306741562503,1,1,1.0,1.0,1.0
7.0-p1,drone,random_curriculum,260,3-1-0-2,3,1.0,0.0,0.0,1.0,1.0,1.0,0.0,0.0,1.0,0.99298754564728,0.04010009001154,0.95288745563573,1,1,1.0,1.0,1.0
7.0-p1,drone,progressive_history_reset,260,0-1-2-3,3,0.0,0.33333333333333,4.8,0.0,1.0,1.0,0.0,0.0,1.0,0.9573155793586,0.05547039485926,0.90184518449934,1,3,0.0,1.0,1.0
7.0-p1,drone,progressive_no_persistent_self,260,0-1-2-3,3,0.0,1.0,4.8,0.0,0.0,0.0,6.4,1.0,0.984375,0.95363502596651,0.1760579520034,0.77757707396311,1,4,0.0,1.0,0.0
7.0-p1,virtual_avatar,progressive_persistent,260,0-1-2-3,3,1.0,0.0,0.0,1.0,1.0,1.0,0.0,0.0,1.0,0.99489176495726,0.05554597985811,0.93934578509914,1,1,1.0,1.0,1.0
7.0-p1,virtual_avatar,final_from_start,260,3-3-3-3,0,1.0,0.0,0.0,0.0,0.0,0.0,6.4,1.0,1.0,0.99490247034544,0.1818564461283,0.81304602421713,1,2,1.0,1.0,0.0
7.0-p1,virtual_avatar,reverse_curriculum,260,3-2-1-0,3,1.0,0.0,0.0,1.0,1.0,1.0,0.0,0.0,1.0,0.99503121833205,0.05544897793158,0.93958224040048,1,1,1.0,1.0,1.0
7.0-p1,virtual_avatar,random_curriculum,260,3-1-0-2,3,1.0,0.0,0.0,1.0,1.0,1.0,0.0,0.0,1.0,0.9949692054931,0.05557924257911,0.93938996291399,1,1,1.0,1.0,1.0
7.0-p1,virtual_avatar,progressive_history_reset,260,0-1-2-3,3,0.66666666666667,0.0,1.6,0.66666666666667,1.0,1.0,0.0,0.0,1.0,0.96195835532277,0.05533263134956,0.90662572397321,1,2,0.0,1.0,1.0
7.0-p1,virtual_avatar,progressive_no_persistent_self,260,0-1-2-3,3,0.0,1.0,4.8,0.0,0.0,0.0,6.4,1.0,1.0,0.96201519544522,0.18146910974852,0.7805460856967,1,3,0.0,0.98958333333333,0.0
